prompt_len,no_cache_total_ms,no_cache_avg_generated_token_ms,cache_total_ms,cache_prefill_ms,cache_avg_generated_token_ms,cache_avg_decode_only_token_ms,cache_memory_mb,speedup_total,speedup_avg_generated_token
128,531.9779346665806,4.156077614582661,538.0655079998368,4.470278000004176,4.203636781248725,4.20153724409317,5.9765625,0.9886861855243507,0.9886861855243507
256,669.1060090001694,5.227390695313823,550.1137393333693,6.2755016666642405,4.297763588541947,4.282190847769331,8.9765625,1.2163048496316335,1.2163048496316335
512,1238.6497939997791,9.676951515623275,585.0630116665533,11.886361333343606,4.5708047786449475,4.513201971127635,14.9765625,2.1171220352342606,2.1171220352342606
768,2063.023248333347,16.117369127604274,630.9672730001049,18.526478666691066,4.92943182031332,4.822368459318219,20.9765625,3.269620052596617,3.269620052596617
